-- phpMyAdmin SQL Dump
-- version 4.6.4
-- https://www.phpmyadmin.net/
--
-- Servidor: 127.0.0.1
-- Tiempo de generación: 09-03-2018 a las 04:17:59
-- Versión del servidor: 5.7.14
-- Versión de PHP: 5.6.25

SET SQL_MODE = "NO_AUTO_VALUE_ON_ZERO";
SET time_zone = "+00:00";


/*!40101 SET @OLD_CHARACTER_SET_CLIENT=@@CHARACTER_SET_CLIENT */;
/*!40101 SET @OLD_CHARACTER_SET_RESULTS=@@CHARACTER_SET_RESULTS */;
/*!40101 SET @OLD_COLLATION_CONNECTION=@@COLLATION_CONNECTION */;
/*!40101 SET NAMES utf8mb4 */;

--
-- Base de datos: `veranoaventura2v`
--

--
-- Volcado de datos para la tabla `tipomatricula`
--

INSERT INTO `tipomatricula` (`idtipomatricula`, `tipomatricula`, `borrado`, `idsede`) VALUES
(8, 'Hijo de Empleado', 0, 2),
(9, 'Normal', 0, 2),
(10, 'Becado', 0, 1),
(11, 'Tipo 2 Sede 1', 1, 1),
(12, 'hijo/a empleado fusalmo', 0, 1),
(13, 'Tipo 10', 1, 1),
(14, 'pago completo', 0, 1);


--
-- Volcado de datos para la tabla `anio`
--

INSERT INTO `anio` (`idanio`, `anio`, `estado`, `tema`, `borrado`, `idsede`) VALUES
(20, 2017, 1, 'Verano 2017', 0, 2),
(21, 2018, 0, 'verano 2018', 0, 2),
(22, 2020, 0, 'prueba de sede soyapango 2020', 0, 1),
(23, 2020, 1, 'prueba de aÃ±o 2020 santa ana', 1, 2),
(24, 2016, 1, 'prueba 2016', 0, 2),
(25, 2015, 0, 'prueba 2015', 1, 2),
(26, 2018, 1, 'prueba 20181', 1, 1),
(27, 2045, 0, 'prueba 2045 sede 1', 0, 1),
(28, 2018, 1, 'naveguemos en familia', 0, 1),
(29, 2019, 1, 'sckldnckls', 1, 1),
(30, 2019, 0, 'Prueba 2019', 0, 2);

--
-- Volcado de datos para la tabla `grupo`
--

INSERT INTO `grupo` (`idgrupo`, `grupo`, `idanio`, `borrado`, `idsede`) VALUES
(23, 'Grupo 1 - 2017', 20, 0, 2),
(24, 'Grupo 2 - 2017', 20, 0, 2),
(25, 'Grupo A', 21, 0, 2),
(26, 'Grupo B prueba de Sede 2', 21, 0, 2),
(27, 'Grupo A Sede 1 2020 A', 22, 1, 1),
(28, 'Grupo AB Sede 1 ', 22, 0, 1),
(29, 'Grupo BC Sede 1', 22, 0, 1),
(30, 'grupo de prueba', 22, 1, 1),
(31, 'Grupo EF aÃ±o 2020', 22, 0, 1),
(32, 'Grupo 1 2016', 24, 0, 2),
(33, 'Grupo 2 2016', 24, 1, 2),
(34, 'grupo 1', 28, 0, 1),
(35, 'grupo 2', 28, 0, 1);

--
-- Volcado de datos para la tabla `ficha`
--

INSERT INTO `ficha` (`idficha`, `nombrealumno`, `fechanacimiento`, `sexo`, `direccion`, `municipio`, `departamento`, `responsable`, `parentescoresponsable`, `telefonoresponsable`, `celularresponsable`, `centroestudios`, `gradoacademico`, `alergia`, `asma`, `bronquitis`, `epilepsias`, `fobias`, `convulsiones`, `gastritis`, `colitis`, `cardiacos`, `otros`, `borrado`, `activo`, `voluntario`, `idsede`) VALUES
(209, 'Eduardo Flores', '1985-03-17', 'M', '', 'Soyapango', 'San Salvador', '', '', '', '', '', '', 0, 0, 0, 0, 0, 0, 0, 0, 0, '', 0, 0, 0, 2),
(210, 'Leia Flores', '2017-03-23', 'F', 'Cima San Bartolo', 'Tonacatepeque', 'San Salvador', 'Edu Flores', 'Padre', '', '61983446', 'La Casa', 'No tiene', 0, 0, 0, 0, 0, 0, 0, 0, 0, '', 0, 1, 0, 2),
(211, 'Yamileth Gonzalez', '2017-03-23', 'F', '', '', '', '', '', '', '', '', '', 0, 0, 0, 0, 0, 0, 0, 0, 0, '', 0, 1, NULL, 1),
(212, 'Itsmenia Gonzalez', '1986-06-02', 'F', 'Cima', 'Zacatecoluca', 'La Paz', '', '', '', '71406909', '', '', 0, 0, 0, 0, 0, 0, 0, 0, 0, '', 0, 1, 1, 2),
(213, 'Doris Garcia', '1965-08-16', 'F', 'Soyapango', 'Soyapango', 'San Salvador', '', '', '', '61760234', '', '', 0, 0, 0, 0, 0, 0, 0, 0, 0, '', 0, 1, 0, 2),
(214, 'JosÃ© HernÃ¡ndez', '1990-01-01', 'M', 'San Benito', 'San Salvador', 'San Salvador', '', '', '', '', '', '', 1, 1, 1, 0, 1, 1, 0, 0, 0, '', 0, 1, 1, 1),
(215, 'Carlos Naranjo', '1985-01-01', 'M', '', 'Ilopango', 'San Salvador', '', '', '', '', '', '', 0, 0, 0, 0, 0, 1, 1, 0, 0, '', 0, 1, 1, 2),
(216, 'Sixto Palacios', '1986-01-01', 'M', '', 'Santa Ana', 'Santa Ana', '', '', '', '', '', '', 0, 0, 0, 0, 0, 0, 0, 0, 0, '', 0, 1, 0, 2),
(217, 'Elizabeth Swan', '1990-01-01', 'F', '', 'CuscatlÃ¡n', 'Suchitoto', '', '', '', '', '', '', 0, 0, 0, 0, 0, 0, 0, 0, 0, '', 0, 1, 0, 1),
(218, 'Adrian Flores', '2011-12-21', 'M', 'alta vista', 'Ilopango', 'San Salvador', 'Gerardo Flores', 'papÃ¡', '22916767', '61983446', 'kinder girasoles', 'preparaoria', 1, 0, 0, 0, 0, 0, 0, 0, 0, '', 0, 1, 0, 1);





--
-- Volcado de datos para la tabla `inscripcion`
--

INSERT INTO `inscripcion` (`idinscripcion`, `idalumno`, `idgrupo`, `idtipomatricula`, `monto`, `convivio`, `desercion`, `borrado`, `idsede`, `fechainscripcion`, `fechadesercion`) VALUES
(45, 209, 23, 9, '50.00', 1, 0, 1, 2, '2017-01-01', '1900-01-01'),
(46, 209, 25, 8, '10.00', 1, 0, 1, 2, NULL, NULL),
(47, 209, 25, 9, '23.00', 0, 0, 1, 2, NULL, NULL),
(48, 209, 25, 8, '0.00', 0, 0, 1, 2, NULL, NULL),
(49, 210, 25, 9, '20.00', 1, 0, 0, 2, NULL, NULL),
(50, 211, 28, 10, '12.00', 0, 1, 0, 1, '2018-01-01', '2018-02-20'),
(51, 209, 26, 8, '0.00', 0, 0, 0, 2, '2018-01-16', '1900-01-01'),
(52, 212, 25, 9, '0.00', 0, 0, 0, 2, '2018-01-16', NULL),
(53, 213, 25, 8, '0.00', 0, 1, 0, 2, '2018-01-23', '2018-02-20'),
(54, 215, 25, 9, '150.00', 1, 0, 1, 2, '2018-02-08', '1900-01-01'),
(55, 214, 28, 10, '0.00', 0, 0, 0, 1, '2018-02-14', '1900-01-01'),
(56, 216, 25, 9, '0.00', 0, 0, 1, 2, '2018-02-20', NULL),
(57, 216, 25, 9, '0.00', 0, 0, 1, 2, '2018-02-20', NULL),
(58, 216, 26, 9, '0.00', 0, 0, 0, 2, '2018-02-20', '1900-01-01'),
(59, 215, 25, 9, '0.00', 0, 0, 0, 2, '2018-02-20', '1900-01-01'),
(60, 216, 24, 8, '0.00', 0, 0, 0, 2, '2018-02-20', NULL),
(61, 215, 23, 8, '0.00', 0, 1, 1, 2, '2018-02-20', '2018-02-20'),
(62, 213, 24, 8, '0.00', 0, 0, 0, 2, '2018-02-20', NULL),
(63, 212, 24, 8, '0.00', 0, 0, 0, 2, '2018-02-20', NULL),
(64, 210, 24, 8, '0.00', 0, 0, 0, 2, '2018-02-20', NULL),
(65, 215, 23, 9, '0.00', 0, 0, 0, 2, '2018-02-20', '1900-01-01'),
(66, 217, 28, 14, '0.00', 0, 0, 0, 1, '2018-02-20', '1900-01-01'),
(67, 215, 32, 8, '0.00', 0, 0, 0, 2, '2018-02-22', NULL),
(68, 213, 32, 8, '0.00', 0, 0, 0, 2, '2018-02-22', NULL),
(69, 212, 32, 8, '0.00', 0, 0, 0, 2, '2018-02-22', '1900-01-01'),
(70, 210, 32, 8, '0.00', 0, 0, 0, 2, '2018-02-22', '1900-01-01'),
(71, 218, 34, 10, '0.00', 0, 0, 0, 1, '2018-02-22', NULL),
(72, 217, 34, 10, '0.00', 0, 0, 0, 1, '2018-02-22', NULL),
(73, 214, 34, 10, '0.00', 0, 1, 0, 1, '2018-02-22', '2018-03-01');


--
-- Volcado de datos para la tabla `asistencia`
--

INSERT INTO `asistencia` (`idasistencia`, `idinscripcion`, `fechaasistencia`, `borrado`, `idsede`, `asiste`) VALUES
(1, 51, '2018-01-22', 1, 2, 1),
(2, 52, '2018-01-22', 0, 2, 1),
(3, 49, '2018-01-22', 0, 2, 1),
(4, 51, '2018-01-21', 1, 2, 1),
(5, 52, '2018-01-21', 0, 2, 1),
(6, 49, '2018-01-21', 0, 2, 1),
(7, 49, '2018-01-01', 1, 2, 0),
(8, 51, '2018-01-02', 0, 2, 1),
(9, 49, '2018-01-02', 0, 2, 1),
(10, 52, '2018-01-02', 0, 2, 1),
(11, 51, '2018-01-03', 1, 2, 0),
(12, 49, '2018-01-03', 0, 2, 0),
(13, 52, '2018-01-03', 0, 2, 1),
(14, 53, '2018-01-26', 1, 2, 1),
(15, 50, '2018-01-26', 0, 1, 1),
(16, 51, '2018-01-29', 1, 2, 1),
(17, 49, '2018-01-29', 1, 2, 0),
(18, 52, '2018-01-29', 1, 2, 1),
(19, 51, '2018-12-29', 1, 2, 1),
(20, 49, '2018-12-29', 1, 2, 1),
(21, 52, '2018-12-29', 1, 2, 1),
(22, 51, '2018-12-28', 1, 2, 1),
(23, 49, '2018-12-28', 1, 2, 1),
(24, 52, '2018-12-28', 1, 2, 1),
(25, 51, '2018-12-27', 1, 2, 1),
(26, 49, '2018-12-27', 1, 2, 1),
(27, 52, '2018-12-27', 1, 2, 1),
(28, 53, '2018-01-01', 0, 2, 1),
(29, 51, '2018-01-23', 1, 2, 1),
(30, 49, '2018-01-23', 0, 2, 1),
(31, 52, '2018-01-23', 0, 2, 1),
(32, 53, '2018-01-02', 0, 2, 1),
(33, 51, '2018-01-29', 1, 2, 0),
(34, 49, '2018-01-29', 0, 2, 1),
(35, 52, '2018-01-29', 0, 2, 1),
(36, 51, '2018-01-01', 0, 2, 1),
(37, 49, '2018-01-01', 0, 2, 0),
(38, 52, '2018-01-01', 0, 2, 1),
(39, 51, '2018-02-08', 1, 2, 1),
(40, 49, '2018-02-08', 1, 2, 1),
(41, 54, '2018-02-08', 1, 2, 1),
(42, 52, '2018-02-08', 1, 2, 0),
(43, 53, '2018-12-31', 1, 2, 0),
(44, 53, '2018-01-03', 0, 2, 1),
(45, 53, '2018-01-21', 0, 2, 0),
(46, 53, '2018-01-22', 0, 2, 0),
(47, 53, '2018-01-23', 0, 2, 0),
(48, 53, '2018-01-29', 0, 2, 0),
(49, 54, '2018-01-01', 1, 2, 0),
(50, 54, '2018-01-02', 1, 2, 0),
(51, 54, '2018-01-03', 1, 2, 0),
(52, 54, '2018-01-21', 1, 2, 0),
(53, 54, '2018-01-22', 1, 2, 0),
(54, 54, '2018-01-23', 1, 2, 0),
(55, 54, '2018-01-29', 1, 2, 0),
(56, 54, '2018-01-01', 0, 2, 1),
(57, 54, '2018-01-02', 0, 2, 0),
(58, 54, '2018-01-03', 0, 2, 0),
(59, 54, '2018-01-21', 0, 2, 0),
(60, 54, '2018-01-22', 0, 2, 0),
(61, 54, '2018-01-23', 0, 2, 0),
(62, 54, '2018-01-29', 0, 2, 0),
(63, 58, '2018-01-01', 0, 2, 1),
(64, 58, '2018-01-02', 1, 2, 0),
(65, 58, '2018-01-03', 1, 2, 1),
(66, 58, '2018-01-21', 1, 2, 0),
(67, 58, '2018-01-22', 1, 2, 0),
(68, 58, '2018-01-23', 1, 2, 0),
(69, 58, '2018-01-29', 1, 2, 0),
(70, 59, '2018-01-01', 0, 2, 1),
(71, 59, '2018-01-02', 0, 2, 0),
(72, 59, '2018-01-03', 0, 2, 0),
(73, 59, '2018-01-21', 0, 2, 0),
(74, 59, '2018-01-22', 0, 2, 0),
(75, 59, '2018-01-23', 0, 2, 0),
(76, 59, '2018-01-29', 0, 2, 0),
(77, 58, '2018-01-02', 0, 2, 1),
(78, 61, '2017-01-01', 1, 2, 0),
(79, 45, '2017-01-01', 1, 2, 1),
(80, 61, '2017-02-02', 1, 2, 1),
(81, 45, '2017-02-02', 1, 2, 0),
(82, 62, '2017-01-01', 0, 2, 1),
(83, 63, '2017-01-01', 0, 2, 1),
(84, 64, '2017-01-01', 0, 2, 1),
(85, 60, '2017-01-01', 0, 2, 1),
(86, 61, '2017-01-03', 1, 2, 0),
(87, 45, '2017-01-03', 1, 2, 0),
(88, 65, '2017-01-01', 0, 2, 1),
(89, 65, '2017-01-03', 0, 2, 1),
(90, 65, '2017-02-02', 0, 2, 1),
(91, 66, '2018-01-26', 0, 1, 1),
(92, 55, '2018-01-26', 0, 1, 1),
(93, 66, '2018-02-01', 0, 1, 1),
(94, 55, '2018-02-01', 0, 1, 1),
(95, 50, '2018-02-01', 0, 1, 0),
(96, 66, '2018-01-15', 0, 1, 1),
(97, 55, '2018-01-15', 0, 1, 1),
(98, 50, '2018-01-15', 0, 1, 0),
(99, 66, '2018-01-16', 0, 1, 1),
(100, 55, '2018-01-16', 0, 1, 1),
(101, 50, '2018-01-16', 0, 1, 0),
(102, 67, '2016-01-01', 0, 2, 1),
(103, 68, '2016-01-01', 0, 2, 0),
(104, 69, '2016-01-01', 0, 2, 0),
(105, 70, '2016-01-01', 0, 2, 0),
(106, 71, '2018-02-21', 0, 1, 1),
(107, 72, '2018-02-21', 0, 1, 1),
(108, 73, '2018-02-21', 0, 1, 0),
(109, 71, '2018-02-22', 0, 1, 0),
(110, 72, '2018-02-22', 0, 1, 1),
(111, 73, '2018-02-22', 0, 1, 1),
(112, 71, '2018-03-01', 0, 1, 0),
(113, 72, '2018-03-01', 0, 1, 1),
(114, 73, '2018-03-01', 0, 1, 0);


/*!40101 SET CHARACTER_SET_CLIENT=@OLD_CHARACTER_SET_CLIENT */;
/*!40101 SET CHARACTER_SET_RESULTS=@OLD_CHARACTER_SET_RESULTS */;
/*!40101 SET COLLATION_CONNECTION=@OLD_COLLATION_CONNECTION */;
